Country,Notes_Musees,Nbvotes_Musees_Clean,Nb_Prixnobel,Annee_Souverainete,Nb_Univtop500,Mean_Rank_Univ,Political_Regime,Immigrationbycountry_Immigrants,Immigrationbycountry_Emigrants,Primary,Lower_Secondary,Break_1,Break_2,Break_3,Break_4,Break_5,End_Of_The_School_Year_Break,Literacy_Rate_2021,Global_rank_Literacy_rate,Continent,Area,Nb_graduates,Population,Education_Spending_2021,Gdp,Averageiqbycountry_Iqlynnbecker2019,Averageiqbycountry_Sourcelynnbecker2019,Averageiq_Ici2017Grade,Averageiq_Ici2017Score,Averageiqpisa2022Meanscoremathematics,Averageiqpisa2022Meanscorereading,Averageiqpisa2022Meanscorescience,Gdp_Percapita,Indice_Evolution,Nb_Foreign_Students
Afghanistan,4.5,574.0,0.0,1919.0,0.0,,1.0,144098.0,5853838.0,,,,,,,,,37.27,39.0,asia,652864.0,,41128771.0,,14266499429.8746,82.12,E,,,368.0,358.0,376.0,346.8739542417788,3.303561468969322,
Albania,4.5307692307692315,659.5,0.0,1912.0,0.0,,1.0,48810.0,1250451.0,,,,,,,,,,,europe,28748.0,,2777689.0,3.09,17930565118.8176,81.75,E,D+,23.4,,,,6455.209751277987,57.63580135069632,
Algeria,4.3500000000000005,184.0,2.0,1962.0,0.0,,1.0,250378.0,2022337.0,,,,,,,,,,,africa,2381741.0,,44903225.0,6.3,163472387986.768,76.0,E,D,19.1,378.0,401.0,406.0,3640.548935778399,58.71853122223224,
Andorra,4.504761904761905,201.47619047619048,0.0,,0.0,,,45574.0,11132.0,,,,,,,,,,,europe,468.0,,79824.0,2.58,3325143693.28714,95.2,E,,,,,,41655.93923240053,,
Angola,4.205263157894737,98.94736842105263,0.0,1975.0,0.0,,1.0,656434.0,668066.0,,,,,,,,,,,africa,1246700.0,,35588987.0,2.3,66505129989.243,75.1,T,,,487.0,498.0,507.0,1868.6997185180628,38.13672894934822,
Antigua and Barbuda,4.2,388.0,0.0,,0.0,,,,,,,,,,,,,,,north-america,442.0,,93763.0,3.88,1601366666.66667,70.48,E,,,487.0,480.0,491.0,17078.876173615074,,
Argentina,4.5851851851851855,12605.0,5.0,1810.0,1.0,95.0,2.0,2281728.0,1076148.0,,,,,,,,,,,south-america,2780400.0,,46234830.0,4.65,487902572164.348,86.63,T,B-,40.5,397.0,365.0,380.0,10552.706091151367,49.311710706314805,
Armenia,4.703703703703704,223.59259259259258,1.0,1990.0,0.0,,2.0,190349.0,958190.0,,,,,,,,,,,asia,29743.0,,2780469.0,2.77,13878908628.9378,88.82,E,C-,29.6,,,,4991.571072699534,146.81091390292747,
Australia,4.588461538461538,4691.615384615385,14.0,1901.0,27.0,202.0,3.0,7685860.0,598765.0,7000.0,4000.0,2.2,2.0,2.0,,,6.2,,,oceania,7741220.0,271050.0,26005540.0,5.56,1559033756285.13,99.24,T,A,64.0,,,,59950.06280527649,487.3988845957438,28.375
Austria,4.566666666666666,15031.333333333334,25.0,1955.0,5.0,309.0,3.0,1738183.0,600740.0,2820.0,3720.0,1.2,2.0,1.0,1.2,,9.0,,,europe,83878.0,53945.0,9041851.0,4.99,479295362747.047,98.38,T,A-,58.7,489.0,479.0,491.0,53008.544682614986,768.2397780089128,17.641
Azerbaijan,4.480769230769232,633.2692307692307,0.0,1991.0,0.0,,1.0,252228.0,1163922.0,,,,,,,,,,,asia,86600.0,,10141756.0,3.7,54825411764.7059,84.81,E,C-,28.6,,,,5405.909170434184,163.81542940709647,
Bahamas,4.5736842105263165,126.89473684210526,0.0,1964.0,0.0,,,63583.0,53793.0,,,,,,,,,,,north-america,,,409984.0,3.57,11527600000.0,86.99,T,,,,,,28117.19481735873,468.6199136226454,
Bahrain,4.442857142857142,304.14285714285717,0.0,1971.0,0.0,,0.0,936094.0,58270.0,,,,,,,,,,,asia,778.0,,1472233.0,2.22,39288670212.766,83.6,T,C-,29.6,,,,26686.44855316108,503.5178972294544,
Bangladesh,4.45,3309.8846153846152,1.0,1971.0,0.0,,1.0,2115408.0,7401763.0,,,,,,,,,,,asia,148460.0,,171186372.0,1.83,416264800549.026,74.33,T,D,16.9,,,,2431.6468401411416,45.88012905926682,
Barbados,4.3,729.0,0.0,,0.0,,3.0,34869.0,99611.0,,,,,,,,,,,north-america,431.0,,281635.0,4.98,4923100000.0,91.6,T,,,379.0,410.0,403.0,17480.426793544837,,
Belarus,4.592307692307692,1401.3076923076924,3.0,1990.0,1.0,387.0,1.0,1067090.0,1483626.0,,,,,,,,,,,europe,207600.0,,9228071.0,4.61,69673747131.87,101.6,T,,,442.0,429.0,446.0,7550.196257903737,222.0645958206981,
Belgium,4.481481481481482,7887.962962962963,11.0,1830.0,7.0,217.0,3.0,2005479.0,577463.0,4942.0,1834.5,1.5,2.0,1.5,2.0,,7.9,,,europe,30528.0,63414.0,11685814.0,6.23,600748812601.541,97.49,T,A-,58.7,417.0,404.0,421.0,51408.38392614678,264.9916697224061,10.043
Belize,4.4,424.0,0.0,1981.0,0.0,,,62043.0,52756.0,,,,,,,,,,,north-america,22965.0,,405272.0,5.86,2424575179.3783,62.55,E,,,,,,5982.587445908674,139.1299406025273,
Benin,4.014285714285714,234.35714285714286,0.0,,0.0,,1.0,394276.0,681827.0,,,,,,,,,,,africa,114763.0,,13352864.0,3.19,17687623534.6665,69.71,E,D-,12.8,336.0,329.0,347.0,1324.631444959411,,
Bermuda,4.6499999999999995,90.0,0.0,,0.0,,,19739.0,21107.0,,,,,,,,,,,north-america,54.0,,63532.0,1.88,7127200000.0,93.48,T,,,,,,112182.8369955298,,
Bhutan,4.375,382.0,0.0,,0.0,,2.0,53612.0,51998.0,,,,,,,,,,,asia,38394.0,,782455.0,6.97,2768003872.54065,87.94,E,,,497.0,507.0,515.0,3537.588580225892,,
Bolivia,4.311111111111111,442.8888888888889,0.0,1825.0,0.0,,0.0,164121.0,927244.0,,,,,,,,,,,south-america,1098581.0,,12224110.0,,40406111695.179,76.53,T,D+,22.3,,,,3305.444052383282,16.61027162001649,
Bosnia and Herzegovina,4.640740740740741,704.7777777777778,2.0,1992.0,0.0,,2.0,36042.0,1687639.0,,,,,,,,,,,europe,51209.0,,3233526.0,,23649568276.8447,88.54,T,C-,25.8,412.0,448.0,444.0,7313.8636512725425,228.55823910226687,
Botswana,3.857142857142857,93.28571428571429,0.0,1885.0,0.0,,3.0,110268.0,63561.0,,,,,,,,,,,africa,582000.0,,2630296.0,,18737066311.1597,69.45,T,D+,23.9,,,,7123.558075273543,51.248619246572254,
Brazil,4.729629629629629,21667.185185185186,1.0,1822.0,4.0,274.0,2.0,1079708.0,1897128.0,4000.0,3200.0,,,,,,,,,south-america,8510346.0,,215313498.0,,1649622821885.14,83.38,T,C+,36.2,383.0,409.0,411.0,7661.492833510791,37.92818234411283,0.246
British Virgin Islands,4.08,8.2,0.0,,0.0,,,22164.0,5355.0,,,,,,,,,,,north-america,151.0,,31305.0,,1026999999.9999999,76.69,E,,,385.0,415.0,411.0,,,
Brunei,4.074999999999999,152.25,0.0,1984.0,1.0,387.0,,,,,,,,,,,,97.59,21.0,asia,5765.0,,449002.0,,14006496617.4458,87.58,E,,,463.0,475.0,483.0,31194.731020008378,779.8682755002094,
Bulgaria,4.592307692307693,2610.076923076923,1.0,1878.0,0.0,,2.0,184363.0,1683626.0,2028.0,2207.0,1.2,1.2,,,,10.8,98.42,16.0,europe,110879.0,,6465097.0,4.49,84041493015.6618,90.99,T,B-,43.3,418.0,381.0,411.0,12999.262503820408,89.03604454671512,7.19
Burkina Faso,3.475,85.75,0.0,1958.0,0.0,,2.0,723989.0,1599347.0,,,,,,,,,,,africa,274200.0,,22673762.0,5.22,19642668879.7694,73.8,T,,,487.0,489.0,498.0,866.3171501830795,13.126017427016356,
Burundi,4.733333333333333,15.0,0.0,1962.0,0.0,,1.0,344767.0,551105.0,,,,,,,,,,,africa,27834.0,,12889576.0,4.87,2775798697.47186,72.09,E,D-,8.8,489.0,489.0,494.0,215.3522115445737,3.4734227668479627,
Cambodia,4.318181818181818,1149.9545454545455,0.0,1953.0,0.0,,1.0,79341.0,1104819.0,,,,,,,,,,,asia,181035.0,,16767842.0,1.67,26961061151.7337,99.75,T,D,16.1,339.0,351.0,360.0,1607.9028626184397,22.64651919180901,
Cameroon,3.9565217391304346,141.04347826086956,0.0,1960.0,0.0,,1.0,579209.0,441015.0,,,,,,,,,,,africa,475650.0,,27914536.0,2.83,44993521774.066,67.76,E,D,17.8,,,,1611.8312614641347,25.184863460377105,
Canada,4.637037037037037,7333.333333333333,27.0,1867.0,19.0,226.0,3.0,8049323.0,1292329.0,5531.0,2774.0,,,,,,,,,north-america,9984670.0,232349.0,38929902.0,4.59,2007472181464.15,99.52,T,A,61.2,,,,51566.330207154126,328.4479631028925,16.221
Cape Verde,4.246153846153846,57.61538461538461,0.0,,0.0,,2.0,15788.0,187558.0,,,,,,,,,,,africa,4033.0,,593149.0,6.04,1997866378.77119,52.5,E,,,343.0,365.0,373.0,3368.23695019496,,
Cayman Islands,4.55,181.0,0.0,,0.0,,,29242.0,1908.0,,,,,,,,,,,north-america,264.0,,68706.0,,6028373513.49405,82.24,E,,,510.0,511.0,526.0,87741.58753957515,,
Central African Republic,4.8,5.0,0.0,1958.0,0.0,,1.0,88546.0,816668.0,,,,,,,,,,,africa,622984.0,,5579144.0,1.87,2516498412.46384,62.55,E,,,,,,451.0545726125441,6.834160191099153,
Chad,4.2,130.0,0.0,1960.0,0.0,,1.0,547494.0,222303.0,,,,,,,,,,,africa,1284000.0,,17723315.0,2.89,11779981332.8631,78.87,E,D-,10.3,484.0,490.0,511.0,664.6601571355641,10.385314955243189,
Chile,4.622222222222222,4912.666666666667,2.0,1818.0,3.0,224.0,2.0,1645015.0,643800.0,6165.0,2132.0,,,,,,,,,south-america,756102.0,,19603733.0,,316581155648.871,87.89,T,C+,37.8,474.0,474.0,487.0,16149.024048066303,78.39332062168108,0.819
China,4.365384615384615,1051.3846153846155,8.0,1368.0,29.0,289.0,0.0,1039675.0,10461170.0,,,,,,,,,,,asia,9596960.0,,1412175000.0,3.3,17820459508852.2,104.1,T,B,47.3,390.0,374.0,384.0,12619.158042630836,19.236521406449445,
Colombia,4.592592592592593,6342.222222222223,2.0,1810.0,3.0,257.0,2.0,1905393.0,3024273.0,5000.0,4800.0,1.0,3.0,1.0,,,7.2,,,south-america,1138910.0,,51874024.0,,318511813576.97,83.13,T,C-,27.9,475.0,480.0,492.0,6140.102290444443,28.692066777777768,0.219
Comoros,4.5,12.0,0.0,1975.0,0.0,,1.0,12496.0,150823.0,,,,,,,,,,,africa,1861.0,,836774.0,2.27,1296089479.45831,77.07,E,,,,,,1548.9122265489964,31.610453603040742,
DR Congo,4.216666666666668,227.83333333333334,1.0,1960.0,0.0,,1.0,952871.0,1832069.0,,,,,,,,,,,africa,2344858.0,,99010212.0,2.66,55328482783.5393,64.92,T,,,492.0,516.0,504.0,558.8159207611766,8.731498761893384,
Cook Islands,4.425000000000001,46.5,0.0,,0.0,,,4579.0,21106.0,,,,,,,,,,,oceania,236.0,,,,287000000.0,83.96,E,,,430.0,438.0,441.0,,,
Costa Rica,4.603846153846154,1245.1923076923076,1.0,1821.0,0.0,,3.0,520729.0,150241.0,6880.0,3360.0,1.2,2.0,,,,7.6,98.04,19.0,north-america,51100.0,,5180829.0,6.28,64960725734.2362,88.34,T,C,32.4,344.0,374.0,373.0,12538.67397172078,61.76686685576739,
Croatia,4.555555555555556,1655.7777777777778,3.0,1991.0,0.0,,2.0,528056.0,1039526.0,1890.0,2651.0,2.0,1.0,1.4,,,10.4,99.45,9.0,europe,56594.0,,3855600.0,5.2,69081236641.2469,95.75,T,C+,38.5,,,,17917.117087158134,542.942942035095,2.95
Cuba,4.3730769230769235,141.30769230769232,0.0,1898.0,0.0,,0.0,3024.0,1757300.0,,,,,,,,,,,north-america,109884.0,,11212191.0,,107351800000.0,83.9,T,,,,,,9574.560404830778,75.9885746415141,
Cyprus,4.526923076923077,234.92307692307693,1.0,1960.0,1.0,368.0,3.0,190366.0,173210.0,,,,,,,,,99.36,11.0,asia,9251.0,,1251488.0,5.62,29482917678.8954,93.39,T,C+,38.5,540.0,500.0,520.0,23558.290354278583,368.0982867856029,
Czech Republic,4.473076923076923,4733.923076923077,6.0,1918.0,0.0,,,540921.0,1026108.0,3434.0,3550.0,0.6,0.2,1.4,1.0,0.6,9.0,,,europe,78871.0,,10672118.0,5.05,281791218507.1,94.92,T,B+,51.8,473.0,473.0,486.0,26404.43241979708,249.09841905468943,
Denmark,4.470370370370371,4913.333333333333,14.0,958.0,5.0,207.0,3.0,717574.0,257025.0,7000.0,3600.0,1.0,1.6,1.0,1.2,,6.0,,,europe,42947.0,50332.0,5903037.0,6.04,405687998852.691,97.83,T,A,60.3,459.0,436.0,447.0,68725.30171379427,64.47026427185203,10.491
Djibouti,4.742857142857143,18.714285714285715,0.0,1977.0,0.0,,1.0,119738.0,18365.0,,,,,,,,,,,africa,23200.0,,1120849.0,,3385825228.86997,68.41,E,,,,,,3020.768389738466,64.27166786677587,
Dominica,4.3,65.0,0.0,,0.0,,,8284.0,78191.0,,,,,,,,,,,north-america,750.0,,72737.0,5.47,555266666.666667,66.03,T,,,366.0,359.0,383.0,7633.8956331257405,,
Dominican Republic,4.496296296296296,932.5555555555555,0.0,1865.0,0.0,,2.0,603794.0,1608567.0,,,,,,,,,,,north-america,48670.0,,11228821.0,3.75,94243425938.3647,82.05,T,D+,23.9,,,,8392.993880512005,52.7861250346667,
Ecuador,4.614814814814815,881.4814814814815,0.0,,0.0,,2.0,784787.0,1127891.0,,,,,,,,,94.48,26.0,south-america,283561.0,,18001000.0,3.69,106165866000.0,78.26,T,C-,25.3,458.0,474.0,465.0,5897.776012443753,,
Egypt,4.466666666666667,4970.814814814815,4.0,1953.0,2.0,393.0,1.0,543937.0,3610461.0,,,,,,,,,,,africa,1001450.0,,110990103.0,,424671765455.704,76.32,T,D+,21.6,471.0,482.0,477.0,3826.212914278528,53.890322736317295,
El Salvador,4.508000000000001,714.92,0.0,1821.0,0.0,,2.0,42767.0,1599058.0,,,,,,,,,,,north-america,21041.0,,6336392.0,3.53,29451240000.0,69.63,E,D+,21.7,377.0,410.0,403.0,4647.951073734074,22.896310708049626,
Eritrea,3.9,29.0,0.0,1993.0,0.0,,0.0,13934.0,802822.0,,,,,,,,,,,africa,117600.0,,3684032.0,,2065001626.01626,68.77,T,,,536.0,516.0,547.0,560.5276029134003,18.08153557785162,
Estonia,4.666666666666667,2351.6666666666665,0.0,1991.0,1.0,358.0,3.0,199277.0,206631.0,3964.0,2468.0,1.0,2.4,1.0,1.0,,11.2,99.87,5.0,europe,45339.0,,1348840.0,5.91,37191166151.98,100.72,T,B,49.5,361.0,342.0,375.0,27572.704065700906,835.5364868394213,11.087
Eswatini,3.65,35.0,0.0,1968.0,0.0,,0.0,32858.0,50039.0,,,,,,,,,,,africa,17363.0,,1201670.0,5.29,4850842571.59151,68.87,E,,,425.0,386.0,423.0,4036.750997854245,72.08483924739723,
Ethiopia,4.427272727272727,190.0,1.0,1941.0,0.0,,1.0,1085517.0,946129.0,,,,,,,,,,,africa,1104300.0,,123379924.0,4.07,111261882958.426,68.42,T,D-,10.3,,,,901.7827159500114,10.864851999397729,
Fiji,4.1,663.0,0.0,1970.0,0.0,,1.0,14087.0,233856.0,,,,,,,,,,,oceania,18272.0,,929766.0,5.97,4305031630.81808,83.96,E,,,355.0,342.0,357.0,4630.231295635762,85.74502399325485,
Finland,4.4222222222222225,2738.0,5.0,1917.0,7.0,298.0,3.0,386052.0,311889.0,3962.0,2423.0,1.0,1.8,0.8,,,9.8,,,europe,338145.0,53271.0,5556106.0,5.69,296470417085.267,101.2,T,A,60.5,,,,53359.38822716252,498.6858712818927,8.053
France,4.503703703703704,23156.48148148148,75.0,843.0,16.0,265.0,3.0,8524876.0,2341908.0,4320.0,3872.0,2.0,2.2,2.0,2.2,,8.0,,,europe,643801.0,411482.0,67971311.0,5.25,2959355819170.5,96.69,T,A-,56.7,,,,43538.30720096748,36.86562845128491,9.175
Gabon,3.9000000000000004,107.0,0.0,1960.0,0.0,,1.0,416651.0,48392.0,,,,,,,,,,,africa,267668.0,,2388992.0,2.7,20217946922.4528,62.97,E,,,,,,8462.961333672445,132.23377083863195,
Gambia,4.175,75.75,0.0,1965.0,0.0,,2.0,,,,,,,,,,,,,africa,,,2705992.0,2.94,2038414968.60683,52.68,T,,,483.0,475.0,494.0,753.2967461126382,12.76774145953624,
Georgia,4.530769230769231,1065.0,0.0,1991.0,0.0,,2.0,79368.0,861077.0,,,,,,,,,,,asia,,,3712502.0,3.64,18629365612.096,84.5,E,C,31.5,,,,5018.008235981018,152.0608556357884,
Germany,4.57037037037037,21116.85185185185,115.0,962.0,30.0,278.0,3.0,15762457.0,3855268.0,2896.0,4480.0,1.0,1.4,1.2,,,6.0,,,europe,357581.0,489703.0,83797985.0,4.53,4278503934689.85,100.74,T,A,64.2,,,,51057.3605640977,48.07661070065696,10.106
Ghana,4.22,547.6,1.0,1957.0,0.0,,3.0,476412.0,1004324.0,,,,,,,,,,,africa,238537.0,,33475870.0,3.42,79524421861.2743,58.16,T,D,17.4,475.0,472.0,484.0,2375.5744618817766,35.45633525196681,
Greece,4.659259259259259,6808.481481481482,2.0,1822.0,2.0,396.0,2.0,1340456.0,1088507.0,4483.0,2433.0,2.0,2.8,,,,12.2,,,europe,131957.0,46149.0,10426919.0,4.06,214667807441.202,90.77,T,B-,40.1,552.0,510.0,543.0,20587.84646175941,101.920031988908,3.499
Greenland,4.323529411764706,52.294117647058826,0.0,,0.0,,,5899.0,17866.0,,,,,,,,,,,north-america,2166086.0,,56661.0,,3235809504.29871,98.89,T,,,,,,57108.2314872436,,
Grenada,4.25,49.25,0.0,,0.0,,,7213.0,62204.0,,,,,,,,,,,north-america,345.0,,125438.0,4.09,1122800000.0,79.34,E,,,,,,8951.035571357961,,
Guatemala,4.5249999999999995,518.85,2.0,1821.0,0.0,,2.0,84311.0,1368431.0,,,,,,,,,,,north-america,108889.0,,17357886.0,3.11,86053083476.0294,47.72,T,D+,22.8,409.0,388.0,416.0,4957.578559741054,24.421569259808148,
Guinea,4.466666666666667,38.666666666666664,0.0,1958.0,0.0,,1.0,121437.0,550790.0,,,,,,,,,45.33,38.0,africa,28051.0,,13859341.0,2.04,16091817842.1318,53.48,E,D-,6.8,,,,1161.081024136126,17.59213672933524,
Guyana,4.55,61.75,0.0,1966.0,0.0,,2.0,31169.0,438413.0,,,,,,,,,,,south-america,214969.0,,808726.0,,8041362110.31175,83.23,E,,,466.0,445.0,466.0,9943.246674784476,171.43528749628405,
Haiti,3.8428571428571425,140.57142857142858,0.0,1804.0,0.0,,1.0,18884.0,1769671.0,,,,,,,,,,,north-america,27750.0,,11584996.0,1.84,20877414952.6375,82.1,T,,,,,,1802.108084684492,8.191400384929509,
Honduras,4.552941176470589,425.70588235294116,0.0,1821.0,0.0,,1.0,39195.0,985077.0,,,,,,,,,,,north-america,112492.0,,10432860.0,5.81,28488721680.8502,62.16,E,D+,20.2,,,,2730.6722874504403,13.451587622908573,
Hong Kong,4.138461538461538,1841.1153846153845,1.0,,5.0,99.0,0.0,2962491.0,1007788.0,,,,,,,,,,,asia,1114.0,,7346100.0,4.0,368911387845.418,105.37,T,B+,51.2,395.0,415.0,410.0,50218.67219959136,,
Hungary,4.544444444444444,3538.6666666666665,15.0,1991.0,0.0,,1.0,584567.0,714420.0,2718.0,3212.0,2.4,0.8,,,,10.8,99.1,12.0,europe,93025.0,58754.0,9643048.0,5.0,182090041757.269,99.24,T,B,50.0,414.0,411.0,417.0,18883.037993512942,572.2132725306953,12.605
Iceland,4.444444444444445,1291.148148148148,1.0,1944.0,0.0,,3.0,65424.0,43251.0,5100.0,2516.0,1.6,1.2,,,,10.0,,,europe,103000.0,4005.0,382003.0,7.73,25595940169.5879,98.26,T,B+,52.0,425.0,378.0,412.0,67004.55276421363,837.5569095526704,8.449
India,4.4407407407407415,24853.74074074074,10.0,1947.0,11.0,311.0,1.0,4878704.0,17869492.0,,,,,,,,,,,asia,3287263.0,,1417173173.0,4.64,3150306839142.13,76.24,T,C-,29.4,406.0,405.0,403.0,2222.9512237190297,28.86949641193545,
Indonesia,4.500000000000001,12485.74074074074,0.0,1945.0,5.0,323.0,2.0,355505.0,4601369.0,,,,,,,,,,,asia,1904569.0,,275501339.0,3.05,1186505455736.54,78.49,T,D+,23.7,365.0,339.0,365.0,4306.713934833326,54.51536626371298,
Iran,4.48076923076923,849.3076923076923,2.0,1477.0,4.0,380.0,1.0,2797235.0,1325113.0,,,,,,,,,,,asia,1648195.0,,88550570.0,,359096907772.985,80.01,T,C-,25.5,,,,4055.274943718431,7.413665345006272,
Iraq,4.257894736842105,371.2631578947368,1.0,1932.0,0.0,,1.0,365766.0,2077976.0,,,,,,,,,,,asia,438317.0,,44496122.0,,207691599310.345,89.28,T,,,,,,4667.6337167168185,50.73514909474802,
Ireland,0.0,0.0,11.0,1919.0,6.0,282.0,3.0,871256.0,734317.0,5415.0,2755.0,1.0,2.0,2.2,,,8.8,,,europe,,45015.0,5127170.0,2.98,513391778882.86,95.13,T,B+,53.6,,,,100131.60844732278,953.6343661649788,10.715
Israel,4.505,3159.7,13.0,1948.0,4.0,332.0,3.0,1953575.0,358691.0,5511.0,2929.0,,,,,,,,,asia,21937.0,,9557500.0,7.42,488526545878.891,92.43,T,B+,50.1,493.0,459.0,488.0,51114.46988008276,672.5588142116153,2.985
Italy,4.640740740740741,28746.85185185185,21.0,1945.0,14.0,317.0,3.0,6386998.0,3258831.0,4521.0,2970.0,2.0,0.8,,,,13.0,,,europe,302068.0,372383.0,58940425.0,4.13,2155360298998.03,94.23,T,B,48.0,479.0,501.0,504.0,36568.45533431478,462.8918396748706,2.831
Ivory Coast,4.0,395.4,0.0,1958.0,0.0,,,2564857.0,1149298.0,,,,,,,,,,,africa,322462.0,,28160542.0,3.37,71811075955.078,58.16,E,,,,,,2550.0601499459067,38.637274999180406,
Jamaica,4.374074074074074,392.6666666666667,0.0,1962.0,0.0,,3.0,23629.0,1118931.0,,,,,,,,,,,north-america,10991.0,,2827377.0,5.63,14657586127.0331,75.08,T,C-,26.7,,,,5184.164024476785,83.61554878188363,
Japan,4.4,2502.259259259259,29.0,1952.0,15.0,236.0,3.0,2770996.0,808825.0,4669.0,2669.0,,,,,,,,,asia,377915.0,678244.0,125124989.0,3.32,5034620784584.98,106.48,T,A-,58.9,389.0,359.0,380.0,40236.73308442793,558.843515061499,5.238
Jordan,4.444444444444444,1863.5185185185185,0.0,1946.0,0.0,,0.0,3457691.0,814909.0,,,,,,,,,98.42,17.0,asia,89318.0,,11285869.0,3.22,46296100140.8451,80.7,T,C-,26.0,468.0,477.0,478.0,4102.129852902342,52.59140837054285,
Kazakhstan,4.531578947368422,735.8421052631579,0.0,1991.0,3.0,355.0,1.0,3732073.0,4203899.0,,,,,,,,,,,asia,2724910.0,,19621972.0,4.39,197112255360.612,88.89,T,C+,35.1,,,,10045.486527073426,304.4086826385887,
Kenya,0.0,0.0,1.0,1963.0,0.0,,1.0,1050147.0,535348.0,,,,,,,,,,,africa,580367.0,,54027487.0,4.59,109703658904.994,75.2,T,D,19.3,,,,2030.5156689037565,33.28714211317634,
Kiribati,4.0,1.0,0.0,1979.0,0.0,,,3126.0,5103.0,,,,,,,,,,,oceania,811.0,,131232.0,15.59,227610079.145208,83.96,E,,,366.0,349.0,369.0,1734.40989351079,38.54244207801756,
Kuwait,4.308333333333334,1068.3333333333333,0.0,1991.0,0.0,,1.0,3110159.0,212271.0,,,,,,,,,,,asia,17818.0,,4268873.0,,137384258875.558,78.64,T,C-,29.8,338.0,373.0,368.0,32182.793649648986,975.2361712014844,
Kyrgyzstan,0.0,0.0,0.0,,0.0,,1.0,199011.0,774377.0,,,,,,,,,,,asia,199949.0,,,6.53,9371000.0,79.09,T,C-,27.2,391.0,408.0,408.0,,,
Laos,0.0,0.0,0.0,1949.0,0.0,,0.0,48731.0,1296051.0,,,,,,,,,,,asia,236800.0,,7529475.0,1.86,18827148528.9934,80.99,T,D,18.8,355.0,347.0,356.0,2500.459664052726,33.33946218736968,
Latvia,4.5592592592592585,2100.703703703704,1.0,1918.0,0.0,,3.0,239422.0,380010.0,3506.0,2334.0,1.0,2.0,1.0,,,13.2,99.89,4.0,europe,64594.0,,1879383.0,5.7,39443126174.4335,94.79,T,B,45.8,489.0,489.0,499.0,20987.274107743608,197.99315195984536,10.429
Lebanon,4.518518518518518,311.22222222222223,1.0,1941.0,1.0,226.0,1.0,1712762.0,856814.0,,,,,,,,,,,asia,10452.0,,5489739.0,,23131941556.7843,81.7,T,D,19.8,472.0,477.0,484.0,4213.668729384822,50.767093125118336,
Lesotho,4.0,10.8,0.0,1966.0,0.0,,2.0,12060.0,202164.0,,,,,,,,,,,africa,30355.0,,2305825.0,7.51,2348771013.21241,68.87,E,D,16.1,414.0,419.0,432.0,1018.625009795804,17.562500168893173,
Liberia,4.1,102.0,2.0,1847.0,0.0,,2.0,87947.0,233564.0,,,,,,,,,,,africa,111369.0,,5302681.0,2.53,3509000000.0,45.07,E,,,428.0,428.0,428.0,661.740730773735,3.73864819646178,
Libya,0.0,0.0,0.0,1951.0,0.0,,0.0,826537.0,185518.0,,,,,,,,,,,africa,1759540.0,,6812341.0,,39798423941.0335,80.92,T,,,,,,5842.106838314979,80.02886079883532,
Liechtenstein,4.3999999999999995,114.5,0.0,1813.0,0.0,,,25877.0,3706.0,,,,,,,,,,,europe,160.0,,39327.0,,7710380085.92257,101.07,E,,,,,,196058.1810441317,929.1856921522832,
Lithuania,4.637037037037037,2468.8888888888887,3.0,1918.0,1.0,473.0,2.0,145184.0,658057.0,2576.0,5053.0,1.0,2.0,1.0,1.0,,12.0,99.83,6.0,europe,65286.0,,2831639.0,4.84,66798933785.7702,95.89,T,B,46.3,389.0,383.0,390.0,23590.20121765882,222.5490680911209,5.992
Luxembourg,4.444444444444445,544.6666666666666,2.0,1839.0,1.0,381.0,3.0,298062.0,81757.0,5544.0,2535.0,1.0,2.0,1.0,2.0,1.0,8.8,,,europe,2586.0,854.0,653103.0,4.64,85584105993.8746,99.87,E,B+,53.8,,,,131042.2796922914,708.336646985359,48.648
Macau,4.136842105263159,216.0,0.0,,1.0,254.0,,403490.0,145192.0,,,,,,,,,,,asia,33.0,,695168.0,5.25,30969334705.0515,99.82,E,,,440.0,440.0,447.0,44549.42503833821,,
Madagascar,3.8,83.28571428571429,0.0,1958.0,0.0,,1.0,35563.0,193526.0,,,,,,,,,,,africa,587041.0,,29611714.0,3.2,14554754116.5427,76.79,E,D-,9.0,575.0,543.0,561.0,491.5201503210081,7.447275004863759,
Malawi,4.375,28.0,0.0,1964.0,0.0,,1.0,191362.0,311052.0,,,,,,,,,,,africa,118484.0,,20405317.0,,12602334121.6286,69.7,T,D-,10.7,464.0,447.0,462.0,617.6005068496902,10.29334178082817,
Malaysia,4.448148148148148,2034.3703703703704,0.0,1957.0,8.0,200.0,1.0,3476560.0,1860037.0,,,,,,,,,,,asia,329847.0,,33938221.0,4.27,373832428055.449,87.58,T,C+,35.5,485.0,469.0,500.0,11015.086148901231,164.4042708791229,
Maldives,3.9749999999999996,99.0,0.0,1965.0,0.0,,2.0,70079.0,3715.0,,,,,,,,,97.86,20.0,asia,300.0,,523787.0,4.48,5254366310.44801,80.54,E,,,,,,10031.494310565193,170.02532729771514,
Mali,4.045454545454546,354.8181818181818,0.0,1959.0,0.0,,2.0,485829.0,1303511.0,,,,,,,,,,,africa,1240192.0,,22593590.0,4.36,19309463508.0377,59.76,T,D-,9.9,527.0,515.0,528.0,854.643441260893,13.14836063478297,
Malta,0.0,0.0,0.0,1964.0,0.0,,2.0,114760.0,102793.0,,,,,,,,,94.94,25.0,europe,315.0,,531113.0,5.63,18087205251.3605,91.27,T,B-,40.8,473.0,474.0,485.0,34055.286259911736,567.5881043318623,
Marshall Islands,4.2,34.0,0.0,1986.0,0.0,,,3298.0,10886.0,,,,,,,,,,,oceania,181.0,,41569.0,,257784881.591797,83.96,T,,,,,,6201.373176929851,163.19403097183817,
Mauritania,3.75,67.0,0.0,1960.0,0.0,,1.0,182286.0,130226.0,,,,,,,,,66.96,37.0,africa,1030700.0,,4736139.0,1.75,9222536364.01272,59.76,E,D-,11.6,482.0,487.0,494.0,1947.268938688818,30.42607716701278,
Mauritius,4.2846153846153845,338.61538461538464,0.0,1968.0,0.0,,2.0,28893.0,182973.0,,,,,,,,,92.15,31.0,africa,2040.0,,1262523.0,4.67,11484357947.9086,86.56,T,C,31.7,508.0,483.0,503.0,9096.355431076188,162.43491841207475,
Mexico,4.648148148148149,24133.25925925926,3.0,1821.0,2.0,138.0,2.0,1197624.0,11185737.0,,,,,,,,,,,north-america,1964375.0,498441.0,127504125.0,,1312557512901.28,87.73,T,C,30.7,547.0,515.0,537.0,10294.235679836083,50.71052059032554,0.707
Micronesia,4.314285714285715,97.57142857142857,0.0,,0.0,,,2832.0,24945.0,,,,,,,,,,,oceania,,,114164.0,,406000000.0,83.96,E,,,,,,3556.2874461301285,,
Moldova,4.668,581.0,0.0,1991.0,0.0,,2.0,104438.0,1159443.0,,,,,,,,,99.6,8.0,europe,33847.0,,2538894.0,5.82,13692230147.0588,89.98,E,C,31.5,,,,5392.990076410752,163.42394170941674,
Mongolia,4.304166666666667,321.625,0.0,1911.0,0.0,,2.0,21345.0,82098.0,,,,,,,,,,,asia,1564116.0,,3398366.0,3.34,15286441737.6686,91.03,T,C-,27.4,394.0,379.0,409.0,4498.174045311364,39.80684995850765,
Montenegro,4.388888888888889,503.6666666666667,0.0,2006.0,0.0,,1.0,70999.0,132965.0,,,,,,,,,98.98,14.0,europe,13812.0,,617213.0,,5861427505.12493,85.78,E,C,34.6,,,,9496.604097977408,527.5891165543004,
Morocco,4.3538461538461535,786.0769230769231,1.0,1956.0,0.0,,0.0,102358.0,3262222.0,,,,,,,,,,,africa,446550.0,,37457971.0,5.6,141817797083.468,67.03,T,D+,22.6,,,,3786.051227480207,55.67722393353245,
Mozambique,4.166666666666667,230.66666666666666,0.0,1975.0,0.0,,1.0,338850.0,640160.0,,,,,,,,,,,africa,799380.0,,32969518.0,7.03,16168056388.9101,72.5,E,D-,10.9,453.0,456.0,476.0,490.394078218253,10.008042412617408,
Myanmar,4.115,155.8,1.0,,0.0,,1.0,76446.0,3711751.0,,,,,,,,,,,asia,676578.0,,54179306.0,,66262813093.4824,91.18,E,,,,,,1223.028089239135,,
Namibia,3.9714285714285715,108.52380952380952,0.0,1990.0,0.0,,2.0,109391.0,47770.0,,,,,,,,,92.25,30.0,africa,824292.0,,2567012.0,10.03,12446290854.8973,66.19,T,D,18.9,,,,4848.551878564378,142.60446701659936,
Nepal,4.2749999999999995,593.4166666666666,0.0,1768.0,0.0,,2.0,487564.0,2599701.0,,,,,,,,,71.15,36.0,asia,147181.0,,30547580.0,3.96,36924841428.7182,42.99,T,D,18.3,431.0,417.0,432.0,1208.7648654563864,4.721737755689009,
Netherlands,4.507407407407408,17888.88888888889,22.0,1945.0,13.0,168.0,3.0,2358333.0,970403.0,5640.0,3000.0,1.0,2.0,1.0,1.0,,6.2,,,europe,41865.0,150893.0,17700982.0,5.14,1029678338329.44,100.74,T,A-,58.7,489.0,494.0,500.0,58170.690096709885,736.3378493254415,12.673
New Caledonia,4.377777777777778,123.66666666666667,0.0,,0.0,,,73141.0,5839.0,,,,,,,,,,,oceania,18575.0,,269220.0,,10071349663.8484,93.92,E,,,465.0,504.0,499.0,37409.36655467053,,
New Zealand,4.603703703703704,2570.8518518518517,3.0,1907.0,8.0,254.0,3.0,1381724.0,806159.0,,,2.2,2.0,2.0,,,6.4,,,oceania,268838.0,50116.0,5124100.0,5.54,255551704625.831,98.57,T,A-,57.3,409.0,430.0,435.0,49872.50534256377,426.260729423622,20.769
Nicaragua,4.411538461538462,185.15384615384616,0.0,1821.0,0.0,,1.0,42167.0,718154.0,,,,,,,,,,,north-america,130373.0,,6948392.0,4.09,14145880399.1935,52.69,T,D+,22.5,364.0,336.0,355.0,2035.8495029056364,10.02881528524944,
Niger,3.733333333333333,360.0,0.0,1958.0,0.0,,2.0,348056.0,399707.0,,,,,,,,,,,africa,1267000.0,,26207977.0,3.82,14915002435.9913,70.82,E,,,,,,569.1016302399571,8.622751973332683,
Nigeria,4.172,547.56,1.0,1960.0,0.0,,2.0,1308568.0,1670455.0,,,,,,,,,,,africa,923768.0,,218541212.0,,440838992188.478,67.76,T,D-,13.9,469.0,462.0,472.0,2017.189289626883,31.518582650420047,
North Korea,4.666666666666667,1333.6666666666667,0.0,1948.0,0.0,,0.0,49549.0,110377.0,,,,,,,,,,,asia,120538.0,,,,18000000000.0,98.82,E,,,,,,,,
North Macedonia,4.466666666666667,611.3809523809524,1.0,,0.0,,2.0,131311.0,693896.0,,,,,,,,,,,europe,25713.0,,2057679.0,,13998355971.3044,81.91,E,C-,28.3,,,,6802.983347404721,,
Northern Mariana Islands,4.4,70.0,0.0,,0.0,,,21843.0,2741.0,,,,,,,,,,,oceania,457.0,,49551.0,,858000000.0,81.36,E,,,,,,17315.493128292062,,
Norway,4.448148148148149,3080.222222222222,14.0,1945.0,3.0,230.0,3.0,852238.0,191392.0,5272.0,2622.0,0.8,1.8,1.0,1.2,,7.0,,,europe,386224.0,40107.0,5457127.0,5.04,503367986030.268,97.13,T,B+,55.0,,,,92240.4748927903,1167.6009480100038,4.276
Oman,4.322222222222222,613.6111111111111,0.0,1605.0,1.0,454.0,0.0,2372836.0,25099.0,,,,,,,,,,,asia,309500.0,,4576298.0,,88191977373.212,78.7,T,C-,27.1,,,,19271.467324289635,45.99395542789889,
Pakistan,4.456,3630.32,2.0,1947.0,2.0,341.0,1.0,3276580.0,6328400.0,,,,,,,,,,,asia,882363.0,,235824862.0,1.69,348516647445.148,80.0,T,D,19.6,,,,1477.8621918377207,19.19301547841196,
Palestine,4.536363636363637,187.45454545454547,1.0,,0.0,,0.0,272784.0,4022791.0,,,,,,,,,,,asia,,,,5.43,17129999999.999998,77.69,T,,,,,,,,
Panama,4.389473684210526,744.8421052631579,0.0,1821.0,0.0,,2.0,313165.0,139520.0,,,,,,,,,,,north-america,75320.0,,4408581.0,3.27,67406738100.0,79.0,E,C-,28.8,,,,15289.894435420376,75.31967702177525,
Papua New Guinea,4.220000000000001,54.6,0.0,1973.0,0.0,,1.0,31068.0,4810.0,,,,,,,,,,,oceania,462840.0,,10142619.0,,26113333244.5115,78.49,E,,,,,,2574.61443089911,50.48263589998256,
Paraguay,4.503703703703703,416.48148148148147,0.0,1811.0,0.0,,2.0,169567.0,896484.0,,,,,,,,,,,south-america,406752.0,,6780744.0,3.41,39950899938.7482,84.04,E,D+,24.5,,,,5891.816582184521,27.66111071448132,
Peru,4.3,1037.5,1.0,1821.0,1.0,336.0,2.0,1224519.0,1519635.0,,,,,,,,,,,south-america,1285216.0,,34049588.0,3.97,223717799056.526,81.44,T,C-,28.0,,,,6570.352600346471,32.366268967223995,
Philippines,4.511111111111111,1063.148148148148,1.0,1935.0,1.0,404.0,1.0,225525.0,6094307.0,,,,,,,,,,,asia,300000.0,,115559009.0,3.88,394087359844.049,81.64,T,C-,26.6,,,,3410.269465395372,38.31763444264463,
Poland,4.633333333333333,13184.074074074075,18.0,966.0,2.0,283.0,2.0,817254.0,4825096.0,2230.0,3015.0,1.2,2.0,0.8,,,9.8,99.8,7.0,europe,312685.0,634977.0,36821749.0,4.94,681346136411.701,96.35,T,B,45.6,,,,18503.904755086485,17.489513001026925,3.857
Portugal,4.553846153846154,5718.346153846154,2.0,1139.0,5.0,323.0,3.0,1001963.0,2081419.0,5245.0,2455.0,2.2,0.6,2.0,,,10.2,96.78,23.0,europe,92225.0,94209.0,10409704.0,4.71,255534839405.899,92.77,T,B-,44.8,,,,24547.75269363077,27.73757366511952,9.711
Puerto Rico,4.626923076923077,751.8461538461538,0.0,,0.0,,,247132.0,1850529.0,,,,,,,,,92.4,29.0,north-america,9104.0,,3221789.0,,106368900000.0,81.99,T,,,,,,33015.47680496767,,
Qatar,4.455,1802.05,0.0,1971.0,2.0,242.0,0.0,2226192.0,25705.0,,,,,,,,,,,asia,11586.0,,2695122.0,,179732009554.846,80.78,T,C,31.3,,,,66687.8937409312,1258.2621460553055,
Republic of the Congo,4.333333333333333,118.33333333333333,0.0,1884.0,0.0,,,387606.0,223767.0,,,,,,,,,80.61,34.0,africa,342000.0,,5970424.0,3.67,14825708810.7046,62.97,T,,,,,,2483.191949299513,17.73708535213938,
Romania,4.661538461538462,8470.923076923076,4.0,1877.0,0.0,,2.0,705310.0,3987093.0,3600.0,4002.0,1.0,2.2,1.0,1.6,,11.0,98.9,15.0,europe,238398.0,,19047009.0,3.25,285810244501.933,86.88,T,C+,39.4,,,,15005.518425592858,102.07835663668612,
Russia,4.7555555555555555,25814.814814814814,30.0,1480.0,11.0,368.0,1.0,11636911.0,10756697.0,,,,,,,,,99.93,3.0,europe,17098246.0,,144236933.0,,1836892075547.52,96.29,T,B,46.6,,,,12735.240810670315,23.410369137261608,
Rwanda,4.4,577.0,0.0,1962.0,0.0,,1.0,513907.0,492489.0,,,,,,,,,75.9,35.0,africa,26338.0,,13776698.0,5.59,11054517345.7109,69.95,E,D-,9.9,,,,802.4068863025741,12.942046553267325,
Saint Kitts and Nevis,4.38,70.4,0.0,,0.0,,,7725.0,50285.0,,,,,,,,,,,north-america,261.0,,47657.0,,858592592.592592,70.48,E,,,,,,18016.085624201944,,
Saint Lucia,4.49375,17.875,2.0,,0.0,,,8338.0,71227.0,,,,,,,,,,,north-america,616.0,,179857.0,,1961111111.11111,73.68,E,,,,,,10903.724131455045,,
Saint Vincent and the Grenadines,4.35,86.5,0.0,,0.0,,,,,,,,,,,,,,,north-america,389.0,,103948.0,,872222222.222222,63.42,T,,,,,,8390.947610557412,,
Samoa,4.2,69.5,0.0,1962.0,0.0,,,4021.0,135732.0,,,,,,,,,99.1,13.0,oceania,2842.0,,222382.0,,843923638.733018,83.96,E,,,,,,3794.927821195142,61.20851324508293,
Sao Tome and Principe,3.9,78.2,0.0,1975.0,0.0,,2.0,2139.0,39608.0,,,,,,,,,,,africa,,,227380.0,5.52,524402450.755612,65.22,E,,,,,,2306.282218117741,47.06698404321921,
Saudi Arabia,4.407692307692308,2423.076923076923,0.0,1927.0,3.0,175.0,0.0,13454842.0,299268.0,,,,,,,,,,,asia,2149690.0,,36408820.0,,874156115900.131,76.36,T,C,30.2,,,,24009.460232441783,247.52020858187404,
Senegal,4.388235294117647,276.47058823529414,0.0,1959.0,0.0,,2.0,274929.0,693765.0,,,,,,,,,,,africa,196712.0,,17316449.0,5.59,27569136729.9023,77.37,E,D-,13.2,,,,1592.0779560464332,24.49350701609897,
Serbia,4.592592592592593,1727.2592592592594,0.0,1945.0,0.0,,1.0,823011.0,1003962.0,,,,,,,,,,,europe,88499.0,,6664449.0,3.3,63101069561.2193,89.6,T,C+,35.2,,,,9468.310067526858,119.85202617122604,
Seychelles,4.433333333333333,76.33333333333333,0.0,1976.0,0.0,,3.0,13050.0,29258.0,,,,,,,,,,,africa,457.0,,119878.0,5.62,1286687308.25807,78.76,T,,,,,,10733.306430354778,223.6105506323912,
Sierra Leone,4.033333333333333,47.0,0.0,1961.0,0.0,,2.0,53746.0,152486.0,,,,,,,,,,,africa,72300.0,,8605718.0,9.44,4249234704.01866,45.07,T,,,,,,493.76875979652834,7.837599361849656,
Singapore,4.500000000000001,3348.5714285714284,0.0,1959.0,3.0,154.0,1.0,2523648.0,348464.0,,,,,,,,,,,asia,733.0,,5637022.0,2.83,423797100521.555,105.89,T,A,63.6,,,,75181.02652811272,1156.6311773555803,
Slovakia,4.566666666666666,886.7777777777778,0.0,1993.0,0.0,,3.0,197161.0,419651.0,2707.0,4117.0,2.2,1.0,0.8,,,9.0,,,europe,49035.0,71551.0,5431752.0,4.4,118576482542.583,96.32,T,B-,43.6,,,,21830.24603159036,704.2014848900116,
Slovenia,4.5851851851851855,716.1851851851852,1.0,1991.0,0.0,,3.0,277964.0,160197.0,4091.0,2298.0,1.0,1.2,1.0,0.8,,9.8,,,europe,20273.0,,2111986.0,5.67,61832201543.8285,98.6,T,B+,51.5,,,,29276.80464919204,887.1758984603648,6.673
Solomon Islands,4.0,29.0,0.0,1976.0,0.0,,2.0,2520.0,4270.0,,,,,,,,,,,oceania,28896.0,,724273.0,,1580303515.40945,83.96,E,,,,,,2181.916922775597,45.45660255782494,
Somalia,0.0,0.0,0.0,1960.0,0.0,,0.0,58590.0,2034221.0,,,,,,,,,,,africa,637657.0,,17597511.0,,9838711529.45863,67.67,T,,,,,,559.0967682565239,8.735887004008186,
South Africa,4.507692307692308,1264.1923076923076,11.0,1910.0,5.0,270.0,2.0,2860495.0,914901.0,,,,,,,,,90.0,32.0,africa,1219090.0,,59893885.0,6.56,420117812463.841,68.87,T,C,33.0,,,,7014.369037237124,61.52955295822039,
South Korea,4.470370370370371,2190.8518518518517,1.0,1948.0,14.0,237.0,3.0,1728182.0,2204554.0,,,,,,,,,,,asia,100432.0,420673.0,51628117.0,,1818432106880.04,102.35,T,A-,56.4,,,,35221.73986860764,463.4439456395742,
South Sudan,4.300000000000001,31.454545454545453,0.0,2011.0,0.0,,0.0,882252.0,2575870.0,,,,,,,,,,,africa,644329.0,,10913164.0,,11997800760.2242,58.61,T,,,,,,1099.3879282144203,84.56830217034005,
Spain,4.5851851851851855,29259.25925925926,8.0,1479.0,14.0,327.0,3.0,6842202.0,1489823.0,4754.0,3171.0,2.0,1.2,,,,10.6,,,europe,505370.0,284626.0,47778340.0,4.59,1445651653604.63,93.9,T,B,49.8,,,,30257.46925499358,55.518292210997394,3.698
Sri Lanka,4.42,492.76,0.0,1948.0,0.0,,2.0,40254.0,1960025.0,,,,,,,,,92.43,28.0,asia,65610.0,,22181000.0,1.51,88548049121.4972,86.62,T,D+,23.2,,,,3992.067495671845,52.52720389041901,
Sudan,4.2,93.28571428571429,0.0,1956.0,0.0,,0.0,1379147.0,2104887.0,,,,,,,,,,,africa,1861484.0,,46874204.0,,34229513773.9708,78.87,T,,,,,,730.2420276613294,10.738853347960728,
Suriname,4.181818181818182,50.54545454545455,0.0,,0.0,,2.0,47801.0,273209.0,,,,,,,,,95.0,24.0,south-america,163820.0,,618040.0,3.81,3081401725.88833,90.29,E,,,,,,4985.764231907854,,
Sweden,4.47037037037037,9089.0,34.0,1523.0,8.0,179.0,3.0,2003908.0,327581.0,4283.0,2607.0,1.0,2.4,1.0,1.2,,8.0,,,europe,447425.0,60409.0,10486941.0,6.68,639714956069.468,97.0,T,A,61.6,,,,61001.10185319704,121.75868633372664,7.152
Switzerland,4.559259259259259,3592.8518518518517,25.0,,9.0,166.0,3.0,2491249.0,713623.0,4792.0,2889.0,1.0,1.2,1.0,1.2,,4.0,,,europe,41291.0,52468.0,8775760.0,5.04,813408787222.499,99.24,T,A,61.6,,,,92688.13039810784,,17.799
Syria,4.383333333333333,101.38888888888889,0.0,1961.0,0.0,,0.0,868711.0,8457214.0,,,,,,,,,,,asia,185180.0,,22125249.0,,8969512933.38826,74.41,T,,,,,,405.39715206767886,6.434875429645696,
Taiwan,4.477777777777778,4545.740740740741,1.0,1949.0,7.0,285.0,3.0,,,,,,,,,,,,,asia,35980.0,,,,611396000.0,106.47,T,B,45.7,,,,,,
Tajikistan,0.0,0.0,0.0,,0.0,,1.0,276031.0,586851.0,,,,,,,,,,,asia,144100.0,,9952787.0,5.54,8937805347.13963,87.71,T,D+,23.1,,,,898.0203582312803,,
Tanzania,4.305000000000001,351.5,1.0,1961.0,0.0,,1.0,426017.0,327863.0,,,,,,,,,,,africa,947303.0,,65497748.0,3.12,70655628147.8986,74.95,T,D-,14.4,,,,1078.7489693217942,17.122999513044352,
Thailand,4.466666666666667,2378.6666666666665,0.0,1776.0,2.0,296.0,0.0,3632496.0,1086985.0,,,,,,,,,94.1,27.0,asia,513120.0,,71697030.0,2.99,505568063988.806,88.87,T,C-,29.2,,,,7051.450582943338,28.43326847961024,
Togo,3.7473684210526317,66.3157894736842,0.0,1958.0,0.0,,1.0,279936.0,545409.0,,,,,,,,,,,africa,56785.0,,8848699.0,4.23,8443112143.23844,59.83,E,,,,,,954.1642385212152,14.457033916988111,
Tonga,3.8,12.0,0.0,1970.0,0.0,,,3742.0,74550.0,,,,,,,,,99.4,10.0,oceania,747.0,,106858.0,4.93,469228219.665791,83.96,E,,,,,,4391.137955658827,81.31736954923754,
Tunisia,0.0,0.0,2.0,1956.0,0.0,,2.0,60145.0,902268.0,,,,,,,,,,,africa,163610.0,,12356117.0,,46687293140.3377,79.22,E,D+,24.8,,,,3778.4761297046393,55.56582543683293,
Turkey,0.0,0.0,2.0,,3.0,390.0,1.0,6052652.0,3411408.0,2880.0,3371.0,1.0,2.0,1.0,,,12.0,,,asia,783562.0,374943.0,84979913.0,2.85,819865253669.661,86.8,T,C,33.4,,,,9647.753506992423,,
Turkmenistan,0.0,0.0,0.0,1991.0,0.0,,1.0,194920.0,242554.0,,,,,,,,,,,asia,488100.0,,6430770.0,,50007428571.4286,85.86,E,,,,,,7776.273847677431,235.64466205083124,
Turks and Caicos Islands,4.4799999999999995,48.6,0.0,,0.0,,,25748.0,2689.0,,,,,,,,,,,north-america,948.0,,45703.0,,1044778790.0,84.29,E,,,,,,22860.17963809816,,
Uganda,4.38,607.0,0.0,1962.0,0.0,,1.0,1720313.0,781440.0,,,,,,,,,,,africa,241550.0,,47249585.0,2.64,40510241365.8914,76.42,T,D-,12.4,,,,857.3671359418586,13.828502192610625,
Ukraine,4.655555555555556,3968.8888888888887,4.0,1991.0,0.0,,1.0,4997387.0,6139144.0,,,,,,,,,100.0,1.0,europe,603550.0,,38000000.0,5.74,199765859570.935,90.07,T,C+,38.3,,,,5256.99630449829,159.30291831813,
United Arab Emirates,4.507407407407407,3700.074074074074,0.0,1971.0,4.0,337.0,0.0,8716332.0,203214.0,,,,,,,,,98.13,18.0,asia,78157.0,,9441129.0,3.9,415178792769.884,82.05,T,C+,35.9,,,,43975.5449554692,829.7272633107397,
United Kingdom,4.662962962962963,26222.222222222223,137.0,1707.0,49.0,199.0,3.0,9359587.0,4732510.0,,,,,,,,,,,europe,243610.0,652174.0,66971395.0,5.33,3141506156618.7,99.12,T,A,64.2,,,,46908.17858309059,147.97532676053814,18.677
United States,4.707407407407407,26199.0,411.0,,82.0,214.0,3.0,50632836.0,2996223.0,5841.0,3068.0,,,,,,,,,north-america,9369417.0,2715337.0,333287557.0,,23315080560000.0,97.43,T,A+,74.9,,,,69954.84850939094,,5.189
Uruguay,4.540740740740741,1484.5185185185185,0.0,1825.0,0.0,,3.0,108267.0,367060.0,,,,,,,,,,,south-america,176215.0,,3422794.0,4.41,61412268248.9461,87.59,E,C+,37.9,,,,17942.145583095593,90.1615355934452,
Uzbekistan,4.45,189.58333333333334,0.0,1991.0,0.0,,1.0,1162007.0,2027823.0,,,,,,,,,100.0,2.0,asia,447400.0,,35648100.0,5.37,69600614987.3509,89.01,T,,,,,,1952.4354730645084,59.164711304985104,
Vanuatu,4.25,85.5,0.0,1980.0,0.0,,2.0,3257.0,7246.0,,,,,,,,,89.1,33.0,oceania,12189.0,,326740.0,,971636097.850666,93.92,E,,,,,,2973.728646173306,67.58474195848423,
Venezuela,4.340740740740741,372.74074074074076,1.0,1811.0,0.0,,1.0,1324193.0,5415337.0,,,,,,,,,,,south-america,912050.0,,28301696.0,,482359318767.703,82.99,T,C-,26.8,,,,17043.477492221773,80.01632625456232,
Vietnam,0.0,0.0,1.0,1945.0,0.0,,0.0,76767.0,3392025.0,,,,,,,,,,,asia,331340.0,,98186856.0,2.95,366137569122.215,89.53,T,C-,25.1,,,,3728.987606265904,47.20237476285955,
Yemen,4.28,48.25,1.0,1990.0,0.0,,0.0,387113.0,1301166.0,,,,,,,,,,,asia,527968.0,,33696614.0,,21606160777.1719,62.86,T,,,,,,641.1967913800449,18.858729158236617,
Zambia,3.9749999999999996,288.25,0.0,1964.0,0.0,,1.0,187955.0,200700.0,,,,,,,,,,,africa,752612.0,,20017675.0,3.11,22096416933.7902,68.43,E,D,18.9,,,,1103.8453233849684,18.39742205641614,
Zimbabwe,3.8470588235294123,161.1764705882353,0.0,1965.0,0.0,,1.0,416141.0,1243314.0,,,,,,,,,,,africa,390757.0,,16320537.0,,28371238665.8646,74.01,T,D-,11.7,,,,1738.3765415233947,29.464009178362623,
